,Name,Total,HP,Attack,Defence,Special_attack,Special_defence,Speed
1,Bulbasaur,318,45,49,49,65,65,45
2,Ivysaur,405,60,62,63,80,80,60
3,Venusaur,525,80,82,83,100,100,80
4,Mega Venusaur,625,80,100,123,122,120,80
5,Charmander,309,39,52,43,60,50,65
6,Charmeleon,405,58,64,58,80,65,80
7,Charizard,534,78,84,78,109,85,100
8,Mega Charizard,634,78,130,111,130,85,100
9,Mega Charizard X,634,78,104,78,159,115,100
10,Squirtle,314,44,48,65,50,64,43
11,Wartortle,405,59,63,80,65,80,58
12,Blastoise,530,79,83,100,85,105,78
13,Mega Blastoise,630,79,103,120,135,115,78
14,Caterpie,195,45,30,35,20,20,45
15,Metapod,205,50,20,55,25,25,30
16,Butterfree,395,60,45,50,90,80,70
17,Weedle,195,40,35,30,20,20,50
18,Kakuna,205,45,25,50,25,25,35
19,Beedrill,395,65,90,40,45,80,75
20,Mega Beedrill,495,65,150,40,15,80,145
21,Pidgey,251,40,45,40,35,35,56
22,Pidgeotto,349,63,60,55,50,50,71
23,Pidgeot,479,83,80,75,70,70,101
24,Mega Pidgeot,579,83,80,80,135,80,121
25,Rattata,253,30,56,35,25,35,72
26,Mega Rattata,253,30,56,35,25,35,72
27,Raticate,413,55,81,60,50,70,97
28,Mega Raticate,413,75,71,70,40,80,77
29,Spearow,262,40,60,30,31,31,70
30,Fearow,442,65,90,65,61,61,100
31,Ekans,288,35,60,44,40,54,55
32,Arbok,448,60,95,69,65,79,80
33,Pikachu,320,35,55,40,50,50,90
34,Mega Pikachu,430,45,80,50,75,60,120
35,Raichu,485,60,90,55,90,80,110
36,Mega Raichu,485,60,85,50,95,85,110
37,Sandshrew,300,50,75,85,20,30,40
38,Mega Sandshrew,300,50,75,90,10,35,40
39,Sandslash,450,75,100,110,45,55,65
40,Mega Sandslash,450,75,100,120,25,65,65
41,Nidoran♀,275,55,47,52,40,40,41
42,Nidorina,365,70,62,67,55,55,56
43,Nidoqueen,505,90,92,87,75,85,76
44,Nidoran♂,273,46,57,40,40,40,50
45,Nidorino,365,61,72,57,55,55,65
46,Nidoking,505,81,102,77,85,75,85
47,Clefairy,323,70,45,48,60,65,35
48,Clefable,483,95,70,73,95,90,60
49,Vulpix,299,38,41,40,50,65,65
50,Mega Vulpix,299,38,41,40,50,65,65
51,Ninetales,505,73,76,75,81,100,100
52,Mega Ninetales,505,73,67,75,81,100,109
53,Jigglypuff,270,115,45,20,45,25,20
54,Wigglytuff,435,140,70,45,85,50,45
55,Zubat,245,40,45,35,30,40,55
56,Golbat,455,75,80,70,65,75,90
57,Oddish,320,45,50,55,75,65,30
58,Gloom,395,60,65,70,85,75,40
59,Vileplume,490,75,80,85,110,90,50
60,Paras,285,35,70,55,45,55,25
61,Parasect,405,60,95,80,60,80,30
62,Venonat,305,60,55,50,40,55,45
63,Venomoth,450,70,65,60,90,75,90
64,Diglett,265,10,55,25,35,45,95
65,Mega Diglett,265,10,55,30,35,45,90
66,Dugtrio,425,35,100,50,50,70,120
67,Mega Dugtrio,425,35,100,60,50,70,110
68,Meowth,290,40,45,35,40,40,90
69,Mega Meowth,290,40,35,35,50,40,90
70,Mega Meowth X,290,50,65,55,40,40,40
71,Persian,440,65,70,60,65,65,115
72,Mega Persian,440,65,60,60,75,65,115
73,Psyduck,320,50,52,48,65,50,55
74,Golduck,500,80,82,78,95,80,85
75,Mankey,305,40,80,35,35,45,70
76,Primeape,455,65,105,60,60,70,95
77,Growlithe,350,55,70,45,70,50,60
78,Arcanine,555,90,110,80,100,80,95
79,Poliwag,300,40,50,40,40,40,90
80,Poliwhirl,385,65,65,65,50,50,90
81,Poliwrath,510,90,95,95,70,90,70
82,Abra,310,25,20,15,105,55,90
83,Kadabra,400,40,35,30,120,70,105
84,Alakazam,500,55,50,45,135,95,120
85,Mega Alakazam,600,55,50,65,175,105,150
86,Machop,305,70,80,50,35,35,35
87,Machoke,405,80,100,70,50,60,45
88,Machamp,505,90,130,80,65,85,55
89,Bellsprout,300,50,75,35,70,30,40
90,Weepinbell,390,65,90,50,85,45,55
91,Victreebel,490,80,105,65,100,70,70
92,Tentacool,335,40,40,35,50,100,70
93,Tentacruel,515,80,70,65,80,120,100
94,Geodude,300,40,80,100,30,30,20
95,Mega Geodude,300,40,80,100,30,30,20
96,Graveler,390,55,95,115,45,45,35
97,Mega Graveler,390,55,95,115,45,45,35
98,Golem,495,80,120,130,55,65,45
99,Mega Golem,495,80,120,130,55,65,45
100,Ponyta,410,50,85,55,65,65,90
101,Mega Ponyta,410,50,85,55,65,65,90
102,Rapidash,500,65,100,70,80,80,105
103,Mega Rapidash,500,65,100,70,80,80,105
104,Slowpoke,315,90,65,65,40,40,15
105,Mega Slowpoke,315,90,65,65,40,40,15
106,Slowbro,490,95,75,110,100,80,30
107,Mega Slowbro,590,95,75,180,130,80,30
108,Mega Slowbro X,490,95,100,95,100,70,30
109,Magnemite,325,25,35,70,95,55,45
110,Magneton,465,50,60,95,120,70,70
111,Farfetch'd,377,52,90,55,58,62,60
112,Mega Farfetch'd,377,52,95,55,58,62,55
113,Doduo,310,35,85,45,35,35,75
114,Dodrio,470,60,110,70,60,60,110
115,Seel,325,65,45,55,45,70,45
116,Dewgong,475,90,70,80,70,95,70
117,Grimer,325,80,80,50,40,50,25
118,Mega Grimer,325,80,80,50,40,50,25
119,Muk,500,105,105,75,65,100,50
120,Mega Muk,500,105,105,75,65,100,50
121,Shellder,305,30,65,100,45,25,40
122,Cloyster,525,50,95,180,85,45,70
123,Gastly,310,30,35,30,100,35,80
124,Haunter,405,45,50,45,115,55,95
125,Gengar,500,60,65,60,130,75,110
126,Mega Gengar,600,60,65,80,170,95,130
127,Onix,385,35,45,160,30,45,70
128,Drowzee,328,60,48,45,43,90,42
129,Hypno,483,85,73,70,73,115,67
130,Krabby,325,30,105,90,25,25,50
131,Kingler,475,55,130,115,50,50,75
132,Voltorb,330,40,30,50,55,55,100
133,Electrode,490,60,50,70,80,80,150
134,Exeggcute,325,60,40,80,60,45,40
135,Exeggutor,530,95,95,85,125,75,55
136,Mega Exeggutor,530,95,105,85,125,75,45
137,Cubone,320,50,50,95,40,50,35
138,Marowak,425,60,80,110,50,80,45
139,Mega Marowak,425,60,80,110,50,80,45
140,Hitmonlee,455,50,120,53,35,110,87
141,Hitmonchan,455,50,105,79,35,110,76
142,Lickitung,385,90,55,75,60,75,30
143,Koffing,340,40,65,95,60,45,35
144,Weezing,490,65,90,120,85,70,60
145,Mega Weezing,490,65,90,120,85,70,60
146,Rhyhorn,345,80,85,95,30,30,25
147,Rhydon,485,105,130,120,45,45,40
148,Chansey,450,250,5,5,35,105,50
149,Tangela,435,65,55,115,100,40,60
150,Kangaskhan,490,105,95,80,40,80,90
151,Mega Kangaskhan,590,105,125,100,60,100,100
152,Horsea,295,30,40,70,70,25,60
153,Seadra,440,55,65,95,95,45,85
154,Goldeen,320,45,67,60,35,50,63
155,Seaking,450,80,92,65,65,80,68
156,Staryu,340,30,45,55,70,55,85
157,Starmie,520,60,75,85,100,85,115
158,Mr. Mime,460,40,45,65,100,120,90
159,Mega Mr. Mime,460,50,65,65,90,90,100
160,Scyther,500,70,110,80,55,80,105
161,Jynx,455,65,50,35,115,95,95
162,Electabuzz,490,65,83,57,95,85,105
163,Magmar,495,65,95,57,100,85,93
164,Pinsir,500,65,125,100,55,70,85
165,Mega Pinsir,600,65,155,120,65,90,105
166,Tauros,490,75,100,95,40,70,110
167,Magikarp,200,20,10,55,15,20,80
168,Gyarados,540,95,125,79,60,100,81
169,Mega Gyarados,640,95,155,109,70,130,81
170,Lapras,535,130,85,80,85,95,60
171,Ditto,288,48,48,48,48,48,48
172,Eevee,325,55,55,50,45,65,55
173,Mega Eevee,435,65,75,70,65,85,75
174,Vaporeon,525,130,65,60,110,95,65
175,Jolteon,525,65,65,60,110,95,130
176,Flareon,525,65,130,60,95,110,65
177,Porygon,395,65,60,70,85,75,40
178,Omanyte,355,35,40,100,90,55,35
179,Omastar,495,70,60,125,115,70,55
180,Kabuto,355,30,80,90,55,45,55
181,Kabutops,495,60,115,105,65,70,80
182,Aerodactyl,515,80,105,65,60,75,130
183,Mega Aerodactyl,615,80,135,85,70,95,150
184,Snorlax,540,160,110,65,65,110,30
185,Articuno,580,90,85,100,95,125,85
186,Mega Articuno,580,90,85,85,125,100,95
187,Zapdos,580,90,90,85,125,90,100
188,Mega Zapdos,580,90,125,90,85,90,100
189,Moltres,580,90,100,90,125,85,90
190,Mega Moltres,580,90,85,90,100,125,90
191,Dratini,300,41,64,45,50,50,50
192,Dragonair,420,61,84,65,70,70,70
193,Dragonite,600,91,134,95,100,100,80
194,Mewtwo,680,106,110,90,154,90,130
195,Mega Mewtwo,780,106,190,100,154,100,130
196,Mega Mewtwo X,780,106,150,70,194,120,140
197,Mew,600,100,100,100,100,100,100
198,Chikorita,318,45,49,65,49,65,45
199,Bayleef,405,60,62,80,63,80,60
200,Meganium,525,80,82,100,83,100,80
201,Cyndaquil,309,39,52,43,60,50,65
202,Quilava,405,58,64,58,80,65,80
203,Typhlosion,534,78,84,78,109,85,100
204,Totodile,314,50,65,64,44,48,43
205,Croconaw,405,65,80,80,59,63,58
206,Feraligatr,530,85,105,100,79,83,78
207,Sentret,215,35,46,34,35,45,20
208,Furret,415,85,76,64,45,55,90
209,Hoothoot,262,60,30,30,36,56,50
210,Noctowl,452,100,50,50,86,96,70
211,Ledyba,265,40,20,30,40,80,55
212,Ledian,390,55,35,50,55,110,85
213,Spinarak,250,40,60,40,40,40,30
214,Ariados,400,70,90,70,60,70,40
215,Crobat,535,85,90,80,70,80,130
216,Chinchou,330,75,38,38,56,56,67
217,Lanturn,460,125,58,58,76,76,67
218,Pichu,205,20,40,15,35,35,60
219,Cleffa,218,50,25,28,45,55,15
220,Igglybuff,210,90,30,15,40,20,15
221,Togepi,245,35,20,65,40,65,20
222,Togetic,405,55,40,85,80,105,40
223,Natu,320,40,50,45,70,45,70
224,Xatu,470,65,75,70,95,70,95
225,Mareep,280,55,40,40,65,45,35
226,Flaaffy,365,70,55,55,80,60,45
227,Ampharos,510,90,75,85,115,90,55
228,Mega Ampharos,610,90,95,105,165,110,45
229,Bellossom,490,75,80,95,90,100,50
230,Marill,250,70,20,50,20,50,40
231,Azumarill,420,100,50,80,60,80,50
232,Sudowoodo,410,70,100,115,30,65,30
233,Politoed,500,90,75,75,90,100,70
234,Hoppip,250,35,35,40,35,55,50
235,Skiploom,340,55,45,50,45,65,80
236,Jumpluff,460,75,55,70,55,95,110
237,Aipom,360,55,70,55,40,55,85
238,Sunkern,180,30,30,30,30,30,30
239,Sunflora,425,75,75,55,105,85,30
240,Yanma,390,65,65,45,75,45,95
241,Wooper,210,55,45,45,25,25,15
242,Quagsire,430,95,85,85,65,65,35
243,Espeon,525,65,65,60,130,95,110
244,Umbreon,525,95,65,110,60,130,65
245,Murkrow,405,60,85,42,85,42,91
246,Slowking,490,95,75,80,100,110,30
247,Mega Slowking,490,95,65,80,110,110,30
248,Misdreavus,435,60,60,60,85,85,85
249,Unown,336,48,72,48,72,48,48
250,Wobbuffet,405,190,33,58,33,58,33
251,Girafarig,455,70,80,65,90,65,85
252,Pineco,290,50,65,90,35,35,15
253,Forretress,465,75,90,140,60,60,40
254,Dunsparce,415,100,70,70,65,65,45
255,Gligar,430,65,75,105,35,65,85
256,Steelix,510,75,85,200,55,65,30
257,Mega Steelix,610,75,125,230,55,95,30
258,Snubbull,300,60,80,50,40,40,30
259,Granbull,450,90,120,75,60,60,45
260,Qwilfish,440,65,95,85,55,55,85
261,Scizor,500,70,130,100,55,80,65
262,Mega Scizor,600,70,150,140,65,100,75
263,Shuckle,505,20,10,230,10,230,5
264,Heracross,500,80,125,75,40,95,85
265,Mega Heracross,600,80,185,115,40,105,75
266,Sneasel,430,55,95,55,35,75,115
267,Teddiursa,330,60,80,50,50,50,40
268,Ursaring,500,90,130,75,75,75,55
269,Slugma,250,40,40,40,70,40,20
270,Magcargo,430,60,50,120,90,80,30
271,Swinub,250,50,50,40,30,30,50
272,Piloswine,450,100,100,80,60,60,50
273,Corsola,410,65,55,95,65,95,35
274,Mega Corsola,410,60,55,100,65,100,30
275,Remoraid,300,35,65,35,65,35,65
276,Octillery,480,75,105,75,105,75,45
277,Delibird,330,45,55,45,65,45,75
278,Mantine,485,85,40,70,80,140,70
279,Skarmory,465,65,80,140,40,70,70
280,Houndour,330,45,60,30,80,50,65
281,Houndoom,500,75,90,50,110,80,95
282,Mega Houndoom,600,75,90,90,140,90,115
283,Kingdra,540,75,95,95,95,95,85
284,Phanpy,330,90,60,60,40,40,40
285,Donphan,500,90,120,120,60,60,50
286,Porygon2,515,85,80,90,105,95,60
287,Stantler,465,73,95,62,85,65,85
288,Smeargle,250,55,20,35,20,45,75
289,Tyrogue,210,35,35,35,35,35,35
290,Hitmontop,455,50,95,95,35,110,70
291,Smoochum,305,45,30,15,85,65,65
292,Elekid,360,45,63,37,65,55,95
293,Magby,365,45,75,37,70,55,83
294,Miltank,490,95,80,105,40,70,100
295,Blissey,540,255,10,10,75,135,55
296,Raikou,580,90,85,75,115,100,115
297,Entei,580,115,115,85,90,75,100
298,Suicune,580,100,75,115,90,115,85
299,Larvitar,300,50,64,50,45,50,41
300,Pupitar,410,70,84,70,65,70,51
301,Tyranitar,600,100,134,110,95,100,61
302,Mega Tyranitar,700,100,164,150,95,120,71
303,Lugia,680,106,90,130,90,154,110
304,Ho-oh,680,106,130,90,110,154,90
305,Celebi,600,100,100,100,100,100,100
306,Treecko,310,40,45,35,65,55,70
307,Grovyle,405,50,65,45,85,65,95
308,Sceptile,530,70,85,65,105,85,120
309,Mega Sceptile,630,70,110,75,145,85,145
310,Torchic,310,45,60,40,70,50,45
311,Combusken,405,60,85,60,85,60,55
312,Blaziken,530,80,120,70,110,70,80
313,Mega Blaziken,630,80,160,80,130,80,100
314,Mudkip,310,50,70,50,50,50,40
315,Marshtomp,405,70,85,70,60,70,50
316,Swampert,535,100,110,90,85,90,60
317,Mega Swampert,635,100,150,110,95,110,70
318,Poochyena,220,35,55,35,30,30,35
319,Mightyena,420,70,90,70,60,60,70
320,Zigzagoon,240,38,30,41,30,41,60
321,Mega Zigzagoon,240,38,30,41,30,41,60
322,Linoone,420,78,70,61,50,61,100
323,Mega Linoone,420,78,70,61,50,61,100
324,Wurmple,195,45,45,35,20,30,20
325,Silcoon,205,50,35,55,25,25,15
326,Beautifly,395,60,70,50,100,50,65
327,Cascoon,205,50,35,55,25,25,15
328,Dustox,385,60,50,70,50,90,65
329,Lotad,220,40,30,30,40,50,30
330,Lombre,340,60,50,50,60,70,50
331,Ludicolo,480,80,70,70,90,100,70
332,Seedot,220,40,40,50,30,30,30
333,Nuzleaf,340,70,70,40,60,40,60
334,Shiftry,480,90,100,60,90,60,80
335,Taillow,270,40,55,30,30,30,85
336,Swellow,455,60,85,60,75,50,125
337,Wingull,270,40,30,30,55,30,85
338,Pelipper,440,60,50,100,95,70,65
339,Ralts,198,28,25,25,45,35,40
340,Kirlia,278,38,35,35,65,55,50
341,Gardevoir,518,68,65,65,125,115,80
342,Mega Gardevoir,618,68,85,65,165,135,100
343,Surskit,269,40,30,32,50,52,65
344,Masquerain,454,70,60,62,100,82,80
345,Shroomish,295,60,40,60,40,60,35
346,Breloom,460,60,130,80,60,60,70
347,Slakoth,280,60,60,60,35,35,30
348,Vigoroth,440,80,80,80,55,55,90
349,Slaking,670,150,160,100,95,65,100
350,Nincada,266,31,45,90,30,30,40
351,Ninjask,456,61,90,45,50,50,160
352,Whismur,240,64,51,23,51,23,28
353,Loudred,360,84,71,43,71,43,48
354,Exploud,490,104,91,63,91,73,68
355,Makuhita,237,72,60,30,20,30,25
356,Hariyama,474,144,120,60,40,60,50
357,Azurill,190,50,20,40,20,40,20
358,Nosepass,375,30,45,135,45,90,30
359,Skitty,260,50,45,45,35,35,50
360,Delcatty,400,70,65,65,55,55,90
361,Sableye,380,50,75,75,65,65,50
362,Mega Sableye,480,50,85,125,85,115,20
363,Mawile,380,50,85,85,55,55,50
364,Mega Mawile,480,50,105,125,55,95,50
365,Aron,330,50,70,100,40,40,30
366,Lairon,430,60,90,140,50,50,40
367,Aggron,530,70,110,180,60,60,50
368,Mega Aggron,630,70,140,230,60,80,50
369,Meditite,280,30,40,55,40,55,60
370,Medicham,410,60,60,75,60,75,80
371,Mega Medicham,510,60,100,85,80,85,100
372,Electrike,295,40,45,40,65,40,65
373,Manectric,475,70,75,60,105,60,105
374,Mega Manectric,575,70,75,80,135,80,135
375,Plusle,405,60,50,40,85,75,95
376,Minun,405,60,40,50,75,85,95
377,Volbeat,430,65,73,75,47,85,85
378,Illumise,430,65,47,75,73,85,85
379,Roselia,400,50,60,45,100,80,65
380,Gulpin,302,70,43,53,43,53,40
381,Swalot,467,100,73,83,73,83,55
382,Carvanha,305,45,90,20,65,20,65
383,Sharpedo,460,70,120,40,95,40,95
384,Mega Sharpedo,560,70,140,70,110,65,105
385,Wailmer,400,130,70,35,70,35,60
386,Wailord,500,170,90,45,90,45,60
387,Numel,305,60,60,40,65,45,35
388,Camerupt,460,70,100,70,105,75,40
389,Mega Camerupt,560,70,120,100,145,105,20
390,Torkoal,470,70,85,140,85,70,20
391,Spoink,330,60,25,35,70,80,60
392,Grumpig,470,80,45,65,90,110,80
393,Spinda,360,60,60,60,60,60,60
394,Trapinch,290,45,100,45,45,45,10
395,Vibrava,340,50,70,50,50,50,70
396,Flygon,520,80,100,80,80,80,100
397,Cacnea,335,50,85,40,85,40,35
398,Cacturne,475,70,115,60,115,60,55
399,Swablu,310,45,40,60,40,75,50
400,Altaria,490,75,70,90,70,105,80
401,Mega Altaria,590,75,110,110,110,105,80
402,Zangoose,458,73,115,60,60,60,90
403,Seviper,458,73,100,60,100,60,65
404,Lunatone,460,90,55,65,95,85,70
405,Solrock,460,90,95,85,55,65,70
406,Barboach,288,50,48,43,46,41,60
407,Whiscash,468,110,78,73,76,71,60
408,Corphish,308,43,80,65,50,35,35
409,Crawdaunt,468,63,120,85,90,55,55
410,Baltoy,300,40,40,55,40,70,55
411,Claydol,500,60,70,105,70,120,75
412,Lileep,355,66,41,77,61,87,23
413,Cradily,495,86,81,97,81,107,43
414,Anorith,355,45,95,50,40,50,75
415,Armaldo,495,75,125,100,70,80,45
416,Feebas,200,20,15,20,10,55,80
417,Milotic,540,95,60,79,100,125,81
418,Castform,420,70,70,70,70,70,70
419,Mega Castform,420,70,70,70,70,70,70
420,Mega Castform X,420,70,70,70,70,70,70
421,Kecleon,440,60,90,70,60,120,40
422,Shuppet,295,44,75,35,63,33,45
423,Banette,455,64,115,65,83,63,65
424,Mega Banette,555,64,165,75,93,83,75
425,Duskull,295,20,40,90,30,90,25
426,Dusclops,455,40,70,130,60,130,25
427,Tropius,460,99,68,83,72,87,51
428,Chimecho,455,75,50,80,95,90,65
429,Absol,465,65,130,60,75,60,75
430,Mega Absol,565,65,150,60,115,60,115
431,Wynaut,260,95,23,48,23,48,23
432,Snorunt,300,50,50,50,50,50,50
433,Glalie,480,80,80,80,80,80,80
434,Mega Glalie,580,80,120,80,120,80,100
435,Spheal,290,70,40,50,55,50,25
436,Sealeo,410,90,60,70,75,70,45
437,Walrein,530,110,80,90,95,90,65
438,Clamperl,345,35,64,85,74,55,32
439,Huntail,485,55,104,105,94,75,52
440,Gorebyss,485,55,84,105,114,75,52
441,Relicanth,485,100,90,130,45,65,55
442,Luvdisc,330,43,30,55,40,65,97
443,Bagon,300,45,75,60,40,30,50
444,Shelgon,420,65,95,100,60,50,50
445,Salamence,600,95,135,80,110,80,100
446,Mega Salamence,700,95,145,130,120,90,120
447,Beldum,300,40,55,80,35,60,30
448,Metang,420,60,75,100,55,80,50
449,Metagross,600,80,135,130,95,90,70
450,Mega Metagross,700,80,145,150,105,110,110
451,Regirock,580,80,100,200,50,100,50
452,Regice,580,80,50,100,100,200,50
453,Registeel,580,80,75,150,75,150,50
454,Latias,600,80,80,90,110,130,110
455,Mega Latias,700,80,100,120,140,150,110
456,Latios,600,80,90,80,130,110,110
457,Mega Latios,700,80,130,100,160,120,110
458,Kyogre,670,100,100,90,150,140,90
459,Mega Kyogre,770,100,150,90,180,160,90
460,Groudon,670,100,150,140,100,90,90
461,Mega Groudon,770,100,180,160,150,90,90
462,Rayquaza,680,105,150,90,150,90,95
463,Mega Rayquaza,780,105,180,100,180,100,115
464,Jirachi,600,100,100,100,100,100,100
465,Deoxys,600,50,150,50,150,50,150
466,Mega Deoxys,600,50,180,20,180,20,150
467,Mega Deoxys X,600,50,70,160,70,160,90
468,Mega Deoxys X (2),600,50,95,90,95,90,180
469,Turtwig,318,55,68,64,45,55,31
470,Grotle,405,75,89,85,55,65,36
471,Torterra,525,95,109,105,75,85,56
472,Chimchar,309,44,58,44,58,44,61
473,Monferno,405,64,78,52,78,52,81
474,Infernape,534,76,104,71,104,71,108
475,Piplup,314,53,51,53,61,56,40
476,Prinplup,405,64,66,68,81,76,50
477,Empoleon,530,84,86,88,111,101,60
478,Starly,245,40,55,30,30,30,60
479,Staravia,340,55,75,50,40,40,80
480,Staraptor,485,85,120,70,50,60,100
481,Bidoof,250,59,45,40,35,40,31
482,Bibarel,410,79,85,60,55,60,71
483,Kricketot,194,37,25,41,25,41,25
484,Kricketune,384,77,85,51,55,51,65
485,Shinx,263,45,65,34,40,34,45
486,Luxio,363,60,85,49,60,49,60
487,Luxray,523,80,120,79,95,79,70
488,Budew,280,40,30,35,50,70,55
489,Roserade,515,60,70,65,125,105,90
490,Cranidos,350,67,125,40,30,30,58
491,Rampardos,495,97,165,60,65,50,58
492,Shieldon,350,30,42,118,42,88,30
493,Bastiodon,495,60,52,168,47,138,30
494,Burmy,224,40,29,45,29,45,36
495,Wormadam,424,60,59,85,79,105,36
496,Mega Wormadam,424,60,79,105,59,85,36
497,Mega Wormadam X,424,60,69,95,69,95,36
498,Mothim,424,70,94,50,94,50,66
499,Combee,244,30,30,42,30,42,70
500,Vespiquen,474,70,80,102,80,102,40
501,Pachirisu,405,60,45,70,45,90,95
502,Buizel,330,55,65,35,60,30,85
503,Floatzel,495,85,105,55,85,50,115
504,Cherubi,275,45,35,45,62,53,35
505,Cherrim,450,70,60,70,87,78,85
506,Shellos,325,76,48,48,57,62,34
507,Gastrodon,475,111,83,68,92,82,39
508,Ambipom,482,75,100,66,60,66,115
509,Drifloon,348,90,50,34,60,44,70
510,Drifblim,498,150,80,44,90,54,80
511,Buneary,350,55,66,44,44,56,85
512,Lopunny,480,65,76,84,54,96,105
513,Mega Lopunny,580,65,136,94,54,96,135
514,Mismagius,495,60,60,60,105,105,105
515,Honchkrow,505,100,125,52,105,52,71
516,Glameow,310,49,55,42,42,37,85
517,Purugly,452,71,82,64,64,59,112
518,Chingling,285,45,30,50,65,50,45
519,Stunky,329,63,63,47,41,41,74
520,Skuntank,479,103,93,67,71,61,84
521,Bronzor,300,57,24,86,24,86,23
522,Bronzong,500,67,89,116,79,116,33
523,Bonsly,290,50,80,95,10,45,10
524,Mime Jr.,310,20,25,45,70,90,60
525,Happiny,220,100,5,5,15,65,30
526,Chatot,411,76,65,45,92,42,91
527,Spiritomb,485,50,92,108,92,108,35
528,Gible,300,58,70,45,40,45,42
529,Gabite,410,68,90,65,50,55,82
530,Garchomp,600,108,130,95,80,85,102
531,Mega Garchomp,700,108,170,115,120,95,92
532,Munchlax,390,135,85,40,40,85,5
533,Riolu,285,40,70,40,35,40,60
534,Lucario,525,70,110,70,115,70,90
535,Mega Lucario,625,70,145,88,140,70,112
536,Hippopotas,330,68,72,78,38,42,32
537,Hippowdon,525,108,112,118,68,72,47
538,Skorupi,330,40,50,90,30,55,65
539,Drapion,500,70,90,110,60,75,95
540,Croagunk,300,48,61,40,61,40,50
541,Toxicroak,490,83,106,65,86,65,85
542,Carnivine,454,74,100,72,90,72,46
543,Finneon,330,49,49,56,49,61,66
544,Lumineon,460,69,69,76,69,86,91
545,Mantyke,345,45,20,50,60,120,50
546,Snover,334,60,62,50,62,60,40
547,Abomasnow,494,90,92,75,92,85,60
548,Mega Abomasnow,594,90,132,105,132,105,30
549,Weavile,510,70,120,65,45,85,125
550,Magnezone,535,70,70,115,130,90,60
551,Lickilicky,515,110,85,95,80,95,50
552,Rhyperior,535,115,140,130,55,55,40
553,Tangrowth,535,100,100,125,110,50,50
554,Electivire,540,75,123,67,95,85,95
555,Magmortar,540,75,95,67,125,95,83
556,Togekiss,545,85,50,95,120,115,80
557,Yanmega,515,86,76,86,116,56,95
558,Leafeon,525,65,110,130,60,65,95
559,Glaceon,525,65,60,110,130,95,65
560,Gliscor,510,75,95,125,45,75,95
561,Mamoswine,530,110,130,80,70,60,80
562,Porygon-Z,535,85,80,70,135,75,90
563,Gallade,518,68,125,65,65,115,80
564,Mega Gallade,618,68,165,95,65,115,110
565,Probopass,525,60,55,145,75,150,40
566,Dusknoir,525,45,100,135,65,135,45
567,Froslass,480,70,80,70,80,70,110
568,Rotom,440,50,50,77,95,77,91
569,Mega Rotom,520,50,65,107,105,107,86
570,Mega Rotom X,520,50,65,107,105,107,86
571,Uxie,580,75,75,130,75,130,95
572,Mesprit,580,80,105,105,105,105,80
573,Azelf,580,75,125,70,125,70,115
574,Dialga,680,100,120,120,150,100,90
575,Palkia,680,90,120,100,150,120,100
576,Heatran,600,91,90,106,130,106,77
577,Regigigas,670,110,160,110,80,110,100
578,Giratina,680,150,100,120,100,120,90
579,Mega Giratina,680,150,120,100,120,100,90
580,Cresselia,600,120,70,120,75,130,85
581,Phione,480,80,80,80,80,80,80
582,Manaphy,600,100,100,100,100,100,100
583,Darkrai,600,70,90,90,135,90,125
584,Shaymin,600,100,100,100,100,100,100
585,Mega Shaymin,600,100,103,75,120,75,127
586,Arceus,720,120,120,120,120,120,120
587,Victini,600,100,100,100,100,100,100
588,Snivy,308,45,45,55,45,55,63
589,Servine,413,60,60,75,60,75,83
590,Serperior,528,75,75,95,75,95,113
591,Tepig,308,65,63,45,45,45,45
592,Pignite,418,90,93,55,70,55,55
593,Emboar,528,110,123,65,100,65,65
594,Oshawott,308,55,55,45,63,45,45
595,Dewott,413,75,75,60,83,60,60
596,Samurott,528,95,100,85,108,70,70
597,Patrat,255,45,55,39,35,39,42
598,Watchog,420,60,85,69,60,69,77
599,Lillipup,275,45,60,45,25,45,55
600,Herdier,370,65,80,65,35,65,60
601,Stoutland,500,85,110,90,45,90,80
602,Purrloin,281,41,50,37,50,37,66
603,Liepard,446,64,88,50,88,50,106
604,Pansage,316,50,53,48,53,48,64
605,Simisage,498,75,98,63,98,63,101
606,Pansear,316,50,53,48,53,48,64
607,Simisear,498,75,98,63,98,63,101
608,Panpour,316,50,53,48,53,48,64
609,Simipour,498,75,98,63,98,63,101
610,Munna,292,76,25,45,67,55,24
611,Musharna,487,116,55,85,107,95,29
612,Pidove,264,50,55,50,36,30,43
613,Tranquill,358,62,77,62,50,42,65
614,Unfezant,488,80,115,80,65,55,93
615,Blitzle,295,45,60,32,50,32,76
616,Zebstrika,497,75,100,63,80,63,116
617,Roggenrola,280,55,75,85,25,25,15
618,Boldore,390,70,105,105,50,40,20
619,Gigalith,515,85,135,130,60,80,25
620,Woobat,323,65,45,43,55,43,72
621,Swoobat,425,67,57,55,77,55,114
622,Drilbur,328,60,85,40,30,45,68
623,Excadrill,508,110,135,60,50,65,88
624,Audino,445,103,60,86,60,86,50
625,Mega Audino,545,103,60,126,80,126,50
626,Timburr,305,75,80,55,25,35,35
627,Gurdurr,405,85,105,85,40,50,40
628,Conkeldurr,505,105,140,95,55,65,45
629,Tympole,294,50,50,40,50,40,64
630,Palpitoad,384,75,65,55,65,55,69
631,Seismitoad,509,105,95,75,85,75,74
632,Throh,465,120,100,85,30,85,45
633,Sawk,465,75,125,75,30,75,85
634,Sewaddle,310,45,53,70,40,60,42
635,Swadloon,380,55,63,90,50,80,42
636,Leavanny,500,75,103,80,70,80,92
637,Venipede,260,30,45,59,30,39,57
638,Whirlipede,360,40,55,99,40,79,47
639,Scolipede,485,60,100,89,55,69,112
640,Cottonee,280,40,27,60,37,50,66
641,Whimsicott,480,60,67,85,77,75,116
642,Petilil,280,45,35,50,70,50,30
643,Lilligant,480,70,60,75,110,75,90
644,Basculin,460,70,92,65,80,55,98
645,Mega Basculin,460,70,92,65,80,55,98
646,Sandile,292,50,72,35,35,35,65
647,Krokorok,351,60,82,45,45,45,74
648,Krookodile,519,95,117,80,65,70,92
649,Darumaka,315,70,90,45,15,45,50
650,Mega Darumaka,315,70,90,45,15,45,50
651,Darmanitan,480,105,140,55,30,55,95
652,Mega Darmanitan,540,105,30,105,140,105,55
653,Mega Darmanitan X,480,105,140,55,30,55,95
654,Mega Darmanitan X (2),540,105,160,55,30,55,135
655,Maractus,461,75,86,67,106,67,60
656,Dwebble,325,50,65,85,35,35,55
657,Crustle,485,70,105,125,65,75,45
658,Scraggy,348,50,75,70,35,70,48
659,Scrafty,488,65,90,115,45,115,58
660,Sigilyph,490,72,58,80,103,80,97
661,Yamask,303,38,30,85,55,65,30
662,Mega Yamask,303,38,55,85,30,65,30
663,Cofagrigus,483,58,50,145,95,105,30
664,Tirtouga,355,54,78,103,53,45,22
665,Carracosta,495,74,108,133,83,65,32
666,Archen,401,55,112,45,74,45,70
667,Archeops,567,75,140,65,112,65,110
668,Trubbish,329,50,50,62,40,62,65
669,Garbodor,474,80,95,82,60,82,75
670,Zorua,330,40,65,40,80,40,65
671,Zoroark,510,60,105,60,120,60,105
672,Minccino,300,55,50,40,40,40,75
673,Cinccino,470,75,95,60,65,60,115
674,Gothita,290,45,30,50,55,65,45
675,Gothorita,390,60,45,70,75,85,55
676,Gothitelle,490,70,55,95,95,110,65
677,Solosis,290,45,30,40,105,50,20
678,Duosion,370,65,40,50,125,60,30
679,Reuniclus,490,110,65,75,125,85,30
680,Ducklett,305,62,44,50,44,50,55
681,Swanna,473,75,87,63,87,63,98
682,Vanillite,305,36,50,50,65,60,44
683,Vanillish,395,51,65,65,80,75,59
684,Vanilluxe,535,71,95,85,110,95,79
685,Deerling,335,60,60,50,40,50,75
686,Sawsbuck,475,80,100,70,60,70,95
687,Emolga,428,55,75,60,75,60,103
688,Karrablast,315,50,75,45,40,45,60
689,Escavalier,495,70,135,105,60,105,20
690,Foongus,294,69,55,45,55,55,15
691,Amoonguss,464,114,85,70,85,80,30
692,Frillish,335,55,40,50,65,85,40
693,Jellicent,480,100,60,70,85,105,60
694,Alomomola,470,165,75,80,40,45,65
695,Joltik,319,50,47,50,57,50,65
696,Galvantula,472,70,77,60,97,60,108
697,Ferroseed,305,44,50,91,24,86,10
698,Ferrothorn,489,74,94,131,54,116,20
699,Klink,300,40,55,70,45,60,30
700,Klang,440,60,80,95,70,85,50
701,Klinklang,520,60,100,115,70,85,90
702,Tynamo,275,35,55,40,45,40,60
703,Eelektrik,405,65,85,70,75,70,40
704,Eelektross,515,85,115,80,105,80,50
705,Elgyem,335,55,55,55,85,55,30
706,Beheeyem,485,75,75,75,125,95,40
707,Litwick,275,50,30,55,65,55,20
708,Lampent,370,60,40,60,95,60,55
709,Chandelure,520,60,55,90,145,90,80
710,Axew,320,46,87,60,30,40,57
711,Fraxure,410,66,117,70,40,50,67
712,Haxorus,540,76,147,90,60,70,97
713,Cubchoo,305,55,70,40,60,40,40
714,Beartic,505,95,130,80,70,80,50
715,Cryogonal,515,80,50,50,95,135,105
716,Shelmet,305,50,40,85,40,65,25
717,Accelgor,495,80,70,40,100,60,145
718,Stunfisk,471,109,66,84,81,99,32
719,Mega Stunfisk,471,109,81,99,66,84,32
720,Mienfoo,350,45,85,50,55,50,65
721,Mienshao,510,65,125,60,95,60,105
722,Druddigon,485,77,120,90,60,90,48
723,Golett,303,59,74,50,35,50,35
724,Golurk,483,89,124,80,55,80,55
725,Pawniard,340,45,85,70,40,40,60
726,Bisharp,490,65,125,100,60,70,70
727,Bouffalant,490,95,110,95,40,95,55
728,Rufflet,350,70,83,50,37,50,60
729,Braviary,510,100,123,75,57,75,80
730,Vullaby,370,70,55,75,45,65,60
731,Mandibuzz,510,110,65,105,55,95,80
732,Heatmor,484,85,97,66,105,66,65
733,Durant,484,58,109,112,48,48,109
734,Deino,300,52,65,50,45,50,38
735,Zweilous,420,72,85,70,65,70,58
736,Hydreigon,600,92,105,90,125,90,98
737,Larvesta,360,55,85,55,50,55,60
738,Volcarona,550,85,60,65,135,105,100
739,Cobalion,580,91,90,129,90,72,108
740,Terrakion,580,91,129,90,72,90,108
741,Virizion,580,91,90,72,90,129,108
742,Tornadus,580,79,115,70,125,80,111
743,Mega Tornadus,580,79,100,80,110,90,121
744,Thundurus,580,79,115,70,125,80,111
745,Mega Thundurus,580,79,105,70,145,80,101
746,Reshiram,680,100,120,100,150,120,90
747,Zekrom,680,100,150,120,120,100,90
748,Landorus,600,89,125,90,115,80,101
749,Mega Landorus,600,89,145,90,105,80,91
750,Kyurem,660,125,130,90,130,90,95
751,Mega Kyurem,700,125,170,100,120,90,95
752,Mega Kyurem X,700,125,120,90,170,100,95
753,Keldeo,580,91,72,90,129,90,108
754,Mega Keldeo,580,91,72,90,129,90,108
755,Meloetta,600,100,77,77,128,128,90
756,Mega Meloetta,600,100,128,90,77,77,128
757,Genesect,600,71,120,95,120,95,99
758,Chespin,313,56,61,65,48,45,38
759,Quilladin,405,61,78,95,56,58,57
760,Chesnaught,530,88,107,122,74,75,64
761,Fennekin,307,40,45,40,62,60,60
762,Braixen,409,59,59,58,90,70,73
763,Delphox,534,75,69,72,114,100,104
764,Froakie,314,41,56,40,62,44,71
765,Frogadier,405,54,63,52,83,56,97
766,Greninja,530,72,95,67,103,71,122
767,Mega Greninja,640,72,145,67,153,71,132
768,Bunnelby,237,38,36,38,32,36,57
769,Diggersby,423,85,56,77,50,77,78
770,Fletchling,278,45,50,43,40,38,62
771,Fletchinder,382,62,73,55,56,52,84
772,Talonflame,499,78,81,71,74,69,126
773,Scatterbug,200,38,35,40,27,25,35
774,Spewpa,213,45,22,60,27,30,29
775,Vivillon,411,80,52,50,90,50,89
776,Litleo,369,62,50,58,73,54,72
777,Pyroar,507,86,68,72,109,66,106
778,Flabébé,303,44,38,39,61,79,42
779,Floette,371,54,45,47,75,98,52
780,Florges,552,78,65,68,112,154,75
781,Skiddo,350,66,65,48,62,57,52
782,Gogoat,531,123,100,62,97,81,68
783,Pancham,348,67,82,62,46,48,43
784,Pangoro,495,95,124,78,69,71,58
785,Furfrou,472,75,80,60,65,90,102
786,Espurr,355,62,48,54,63,60,68
787,Meowstic,466,74,48,76,83,81,104
788,Mega Meowstic,466,74,48,76,83,81,104
789,Honedge,325,45,80,100,35,37,28
790,Doublade,448,59,110,150,45,49,35
791,Aegislash,500,60,50,140,50,140,60
792,Mega Aegislash,500,60,140,50,140,50,60
793,Spritzee,341,78,52,60,63,65,23
794,Aromatisse,462,101,72,72,99,89,29
795,Swirlix,341,62,48,66,59,57,49
796,Slurpuff,480,82,80,86,85,75,72
797,Inkay,288,53,54,53,37,46,45
798,Malamar,482,86,92,88,68,75,73
799,Binacle,306,42,52,67,39,56,50
800,Barbaracle,500,72,105,115,54,86,68
801,Skrelp,320,50,60,60,60,60,30
802,Dragalge,494,65,75,90,97,123,44
803,Clauncher,330,50,53,62,58,63,44
804,Clawitzer,500,71,73,88,120,89,59
805,Helioptile,289,44,38,33,61,43,70
806,Heliolisk,481,62,55,52,109,94,109
807,Tyrunt,362,58,89,77,45,45,48
808,Tyrantrum,521,82,121,119,69,59,71
809,Amaura,362,77,59,50,67,63,46
810,Aurorus,521,123,77,72,99,92,58
811,Sylveon,525,95,65,65,110,130,60
812,Hawlucha,500,78,92,75,74,63,118
813,Dedenne,431,67,58,57,81,67,101
814,Carbink,500,50,50,150,50,150,50
815,Goomy,300,45,50,35,55,75,40
816,Sliggoo,452,68,75,53,83,113,60
817,Goodra,600,90,100,70,110,150,80
818,Klefki,470,57,80,91,80,87,75
819,Phantump,309,43,70,48,50,60,38
820,Trevenant,474,85,110,76,65,82,56
821,Pumpkaboo,335,49,66,70,44,55,51
822,Mega Pumpkaboo,335,44,66,70,44,55,56
823,Mega Pumpkaboo X,335,54,66,70,44,55,46
824,Mega Pumpkaboo X (2),335,59,66,70,44,55,41
825,Gourgeist,494,65,90,122,58,75,84
826,Mega Gourgeist,494,55,85,122,58,75,99
827,Mega Gourgeist X,494,75,95,122,58,75,69
828,Mega Gourgeist X (2),494,85,100,122,58,75,54
829,Bergmite,304,55,69,85,32,35,28
830,Avalugg,514,95,117,184,44,46,28
831,Noibat,245,40,30,35,45,40,55
832,Noivern,535,85,70,80,97,80,123
833,Xerneas,680,126,131,95,131,98,99
834,Yveltal,680,126,131,95,131,98,99
835,Zygarde,600,108,100,121,81,95,95
836,Mega Zygarde,486,54,100,71,61,85,115
837,Mega Zygarde X,708,216,100,121,91,95,85
838,Diancie,600,50,100,150,100,150,50
839,Mega Diancie,700,50,160,110,160,110,110
840,Hoopa,600,80,110,60,150,130,70
841,Mega Hoopa,680,80,160,60,170,130,80
842,Volcanion,600,80,110,120,130,90,70
843,Rowlet,320,68,55,55,50,50,42
844,Dartrix,420,78,75,75,70,70,52
845,Decidueye,530,78,107,75,100,100,70
846,Litten,320,45,65,40,60,40,70
847,Torracat,420,65,85,50,80,50,90
848,Incineroar,530,95,115,90,80,90,60
849,Popplio,320,50,54,54,66,56,40
850,Brionne,420,60,69,69,91,81,50
851,Primarina,530,80,74,74,126,116,60
852,Pikipek,265,35,75,30,30,30,65
853,Trumbeak,355,55,85,50,40,50,75
854,Toucannon,485,80,120,75,75,75,60
855,Yungoos,253,48,70,30,30,30,45
856,Gumshoos,418,88,110,60,55,60,45
857,Grubbin,300,47,62,45,55,45,46
858,Charjabug,400,57,82,95,55,75,36
859,Vikavolt,500,77,70,90,145,75,43
860,Crabrawler,338,47,82,57,42,47,63
861,Crabominable,478,97,132,77,62,67,43
862,Oricorio,476,75,70,70,98,70,93
863,Mega Oricorio,476,75,70,70,98,70,93
864,Mega Oricorio X,476,75,70,70,98,70,93
865,Cutiefly,304,40,45,40,55,40,84
866,Ribombee,464,60,55,60,95,70,124
867,Rockruff,280,45,65,40,30,40,60
868,Mega Rockruff,280,45,65,40,30,40,60
869,Lycanroc,487,75,115,65,55,65,112
870,Mega Lycanroc,487,85,115,75,55,75,82
871,Mega Lycanroc X,487,75,117,65,55,65,110
872,Wishiwashi,175,45,20,20,25,25,40
873,Mega Wishiwashi,620,45,140,130,140,135,30
874,Mareanie,305,50,53,62,43,52,45
875,Toxapex,495,50,63,152,53,142,35
876,Mudbray,385,70,100,70,45,55,45
877,Mudsdale,500,100,125,100,55,85,35
878,Dewpider,269,38,40,52,40,72,27
879,Araquanid,454,68,70,92,50,132,42
880,Fomantis,250,40,55,35,50,35,35
881,Lurantis,480,70,105,90,80,90,45
882,Morelull,285,40,35,55,65,75,15
883,Shiinotic,405,60,45,80,90,100,30
884,Salandit,320,48,44,40,71,40,77
885,Salazzle,480,68,64,60,111,60,117
886,Stufful,340,70,75,50,45,50,50
887,Bewear,500,120,125,80,55,60,60
888,Bounsweet,210,42,30,38,30,38,32
889,Steenee,290,52,40,48,40,48,62
890,Tsareena,510,72,120,98,50,98,72
891,Comfey,485,51,52,90,82,110,100
892,Oranguru,490,90,60,80,90,110,60
893,Passimian,490,100,120,90,40,60,80
894,Wimpod,230,25,35,40,20,30,80
895,Golisopod,530,75,125,140,60,90,40
896,Sandygast,320,55,55,80,70,45,15
897,Palossand,480,85,75,110,100,75,35
898,Pyukumuku,410,55,60,130,30,130,5
899,Type: Null,534,95,95,95,95,95,59
900,Silvally,570,95,95,95,95,95,95
901,Minior,440,60,60,100,60,100,60
902,Mega Minior,500,60,100,60,100,60,120
903,Komala,480,65,115,65,75,95,65
904,Turtonator,485,60,78,135,91,85,36
905,Togedemaru,435,65,98,63,40,73,96
906,Mimikyu,476,55,90,80,50,105,96
907,Bruxish,475,68,105,70,70,70,92
908,Drampa,485,78,60,85,135,91,36
909,Dhelmise,517,70,131,100,86,90,40
910,Jangmo-o,300,45,55,65,45,45,45
911,Hakamo-o,420,55,75,90,65,70,65
912,Kommo-o,600,75,110,125,100,105,85
913,Tapu Koko,570,70,115,85,95,75,130
914,Tapu Lele,570,70,85,75,130,115,95
915,Tapu Bulu,570,70,130,115,85,95,75
916,Tapu Fini,570,70,75,115,95,130,85
917,Cosmog,200,43,29,31,29,31,37
918,Cosmoem,400,43,29,131,29,131,37
919,Solgaleo,680,137,137,107,113,89,97
920,Lunala,680,137,113,89,137,107,97
921,Nihilego,570,109,53,47,127,131,103
922,Buzzwole,570,107,139,139,53,53,79
923,Pheromosa,570,71,137,37,137,37,151
924,Xurkitree,570,83,89,71,173,71,83
925,Celesteela,570,97,101,103,107,101,61
926,Kartana,570,59,181,131,59,31,109
927,Guzzlord,570,223,101,53,97,53,43
928,Necrozma,600,97,107,101,127,89,79
929,Mega Necrozma,680,97,157,127,113,109,77
930,Mega Necrozma X,680,97,113,109,157,127,77
931,Mega Necrozma X (2),754,97,167,97,167,97,129
932,Magearna,600,80,95,115,130,115,65
933,Marshadow,600,90,125,80,90,90,125
934,Poipole,420,67,73,67,73,67,73
935,Naganadel,540,73,73,73,127,73,121
936,Stakataka,570,61,131,211,53,101,13
937,Blacephalon,570,53,127,53,151,79,107
938,Zeraora,600,88,112,75,102,80,143
939,Meltan,300,46,65,65,55,35,34
940,Melmetal,600,135,143,143,80,65,34
941,Grookey,310,50,65,50,40,40,65
942,Thwackey,420,70,85,70,55,60,80
943,Rillaboom,530,100,125,90,60,70,85
944,Scorbunny,310,50,71,40,40,40,69
945,Raboot,420,65,86,60,55,60,94
946,Cinderace,530,80,116,75,65,75,119
947,Sobble,310,50,40,40,70,40,70
948,Drizzile,420,65,60,55,95,55,90
949,Inteleon,530,70,85,65,125,65,120
950,Skwovet,275,70,55,55,35,35,25
951,Greedent,460,120,95,95,55,75,20
952,Rookidee,245,38,47,35,33,35,57
953,Corvisquire,365,68,67,55,43,55,77
954,Corviknight,495,98,87,105,53,85,67
955,Blipbug,180,25,20,20,25,45,45
956,Dottler,335,50,35,80,50,90,30
957,Orbeetle,505,60,45,110,80,120,90
958,Nickit,245,40,28,28,47,52,50
959,Thievul,455,70,58,58,87,92,90
960,Gossifleur,250,40,40,60,40,60,10
961,Eldegoss,460,60,50,90,80,120,60
962,Wooloo,270,42,40,55,40,45,48
963,Dubwool,490,72,80,100,60,90,88
964,Chewtle,284,50,64,50,38,38,44
965,Drednaw,485,90,115,90,48,68,74
966,Yamper,270,59,45,50,40,50,26
967,Boltund,490,69,90,60,90,60,121
968,Rolycoly,240,30,40,50,40,50,30
969,Carkol,410,80,60,90,60,70,50
970,Coalossal,510,110,80,120,80,90,30
971,Applin,260,40,40,80,40,40,20
972,Flapple,485,70,110,80,95,60,70
973,Appletun,485,110,85,80,100,80,30
974,Silicobra,315,52,57,75,35,50,46
975,Sandaconda,510,72,107,125,65,70,71
976,Cramorant,475,70,85,55,85,95,85
977,Arrokuda,280,41,63,40,40,30,66
978,Barraskewda,490,61,123,60,60,50,136
979,Toxel,242,40,38,35,54,35,40
980,Toxtricity,502,75,98,70,114,70,75
981,Mega Toxtricity,502,75,98,70,114,70,75
982,Sizzlipede,305,50,65,45,50,50,45
983,Centiskorch,525,100,115,65,90,90,65
984,Clobbopus,310,50,68,60,50,50,32
985,Grapploct,480,80,118,90,70,80,42
986,Sinistea,308,40,45,45,74,54,50
987,Polteageist,508,60,65,65,134,114,70
988,Hatenna,265,42,30,45,56,53,39
989,Hattrem,370,57,40,65,86,73,49
990,Hatterene,510,57,90,95,136,103,29
991,Impidimp,265,45,45,30,55,40,50
992,Morgrem,370,65,60,45,75,55,70
993,Grimmsnarl,510,95,120,65,95,75,60
994,Obstagoon,520,93,90,101,60,81,95
995,Perrserker,440,70,110,100,50,60,50
996,Cursola,510,60,95,50,145,130,30
997,Sirfetch'd,507,62,135,95,68,82,65
998,Mr. Rime,520,80,85,75,110,100,70
999,Runerigus,483,58,95,145,50,105,30
1000,Milcery,270,45,40,40,50,61,34
1001,Alcremie,495,65,60,75,110,121,64
1002,Falinks,470,65,100,100,70,60,75
1003,Pincurchin,435,48,101,95,91,85,15
1004,Snom,185,30,25,35,45,30,20
1005,Frosmoth,475,70,65,60,125,90,65
1006,Stonjourner,470,100,125,135,20,20,70
1007,Eiscue,470,75,80,110,65,90,50
1008,Mega Eiscue,470,75,80,70,65,50,130
1009,Indeedee,475,60,65,55,105,95,95
1010,Mega Indeedee,475,70,55,65,95,105,85
1011,Morpeko,436,58,95,58,70,58,97
1012,Mega Morpeko,436,58,95,58,70,58,97
1013,Cufant,330,72,80,49,40,49,40
1014,Copperajah,500,122,130,69,80,69,30
1015,Dracozolt,505,90,100,90,80,70,75
1016,Arctozolt,505,90,100,90,90,80,55
1017,Dracovish,505,90,90,100,70,80,75
1018,Arctovish,505,90,90,100,80,90,55
1019,Duraludon,535,70,95,115,120,50,85
1020,Dreepy,270,28,60,30,40,30,82
1021,Drakloak,410,68,80,50,60,50,102
1022,Dragapult,600,88,120,75,100,75,142
1023,Zacian,720,92,170,115,80,115,148
1024,Mega Zacian,670,92,130,115,80,115,138
1025,Zamazenta,720,92,130,145,80,145,128
1026,Mega Zamazenta,670,92,130,115,80,115,138
1027,Eternatus,690,140,85,95,145,95,130
1028,Kubfu,385,60,90,60,53,50,72
1029,Urshifu,550,100,130,100,63,60,97
1030,Mega Urshifu,550,100,130,100,63,60,97
1031,Zarude,600,105,120,105,70,95,105
1032,Regieleki,580,80,100,50,100,50,200
1033,Regidrago,580,200,100,50,100,50,80
1034,Glastrier,580,100,145,130,65,110,30
1035,Spectrier,580,100,65,60,145,80,130
1036,Calyrex,500,100,80,80,80,80,80
1037,Mega Calyrex,680,100,165,150,85,130,50
1038,Mega Calyrex X,680,100,85,80,165,100,150
